{
  "train_loss": [
    4.166803248797752,
    4.169374990770174,
    4.137479013696339
  ],
  "train_accuracy": [
    0.0009737053832650673,
    0.0014534247971688616,
    0.0030843146000114133
  ],
  "val_loss": [
    4.15775123169445,
    4.169068471471414,
    4.257117886497737
  ]
}